ID,Job_Title,Estimated_Employment,Entry_Hourly,Entry_Annual,Mean_Hourly,Mean_Annual,Hourly_25th_Percentile,Annual_25th_Percentile,Median_Hourly,Median_Annual,Hourly_75th_Percentile,Annual_75th_Percentile,Experienced_Hourly,Experienced_Annual,Year,Zone
1,Computer Systems Analysts,"1,990",19,"39,708",36,"75,488",26,"53,611",34,"71,653",45,"94,055",58,"121,638",2018,Kentuckiana Works
2,Information Security Analysts,320,22,"44,812",42,"86,613",29,"60,113",39,"81,742",54,"112,092",63,"131,515",2018,Kentuckiana Works
3,Computer Programmers,440,25,"52,792",37,"77,347",31,"65,488",38,"78,125",44,"92,113",49,"102,118",2018,Kentuckiana Works
4,"Software Developers, Applications","2,840",22,"45,326",39,"81,765",31,"63,798",38,"79,950",49,"101,384",59,"122,958",2018,Kentuckiana Works
5,"Software Developers, Systems Software",780,30,"62,325",44,"91,316",35,"73,517",43,"89,703",51,"106,548",62,"128,182",2018,Kentuckiana Works
6,Web Developers,620,15,"30,489",33,"69,127",20,"41,067",31,"63,997",45,"93,738",56,"116,381",2018,Kentuckiana Works
7,Database Administrators,460,21,"44,471",40,"82,829",29,"60,210",41,"84,368",50,"104,000",60,"124,097",2018,Kentuckiana Works
8,Network and Computer Systems Administrators,"1,060",21,"43,120",36,"74,623",26,"54,102",34,"71,314",46,"95,061",55,"113,628",2018,Kentuckiana Works
9,Computer Network Architects,540,25,"52,552",41,"85,793",31,"64,225",40,"83,181",50,"103,433",61,"126,577",2018,Kentuckiana Works
10,Computer User Support Specialists,"2,170",13,"26,874",22,"46,497",16,"32,557",20,"42,551",28,"57,723",36,"74,684",2018,Kentuckiana Works
11,Computer Network Support Specialists,640,17,"35,077",28,"57,495",20,"42,110",26,"53,595",33,"67,844",41,"85,236",2018,Kentuckiana Works
12,"Computer Occupations, All Other","1,200",23,"47,418",43,"89,583",31,"64,790",39,"81,813",57,"118,303",69,"144,155",2018,Kentuckiana Works
13,Operations Research Analysts,640,26,"54,775",37,"77,729",31,"64,509",36,"75,659",41,"85,408",53,"110,073",2018,Kentuckiana Works
14,Statisticians,60,23,"47,818",38,"79,290",32,"65,690",38,"78,732",46,"95,273",51,"105,359",2018,Kentuckiana Works
1,Computer Systems Analysts,"1,300",21,"43,765",36,"74,047",26,"53,779",33,"69,179",44,"91,436",57,"117,796",2018,Bluegrass
2,Information Security Analysts,70,24,"50,926",42,"86,564",32,"66,105",42,"87,639",48,"100,558",59,"123,328",2018,Bluegrass
3,Computer Programmers,290,14,"29,497",32,"66,807",19,"39,829",28,"58,704",41,"85,395",53,"111,160",2018,Bluegrass
4,"Software Developers, Applications","1,120",25,"52,603",39,"80,065",29,"61,133",37,"76,484",46,"96,202",56,"116,122",2018,Bluegrass
5,"Software Developers, Systems Software",520,27,"55,714",43,"88,427",33,"68,352",39,"80,560",51,"106,340",66,"137,383",2018,Bluegrass
6,Web Developers,290,15,"31,223",31,"65,265",22,"45,606",30,"63,232",43,"89,482",48,"99,483",2018,Bluegrass
7,Database Administrators,240,21,"44,402",36,"75,667",26,"54,733",33,"68,983",39,"81,820",52,"109,154",2018,Bluegrass
8,Network and Computer Systems Administrators,650,19,"39,622",30,"61,521",23,"46,996",29,"59,427",36,"74,933",43,"90,458",2018,Bluegrass
9,Computer Network Architects,330,21,"44,305",33,"69,375",24,"50,892",30,"63,174",41,"84,571",51,"105,206",2018,Bluegrass
10,Computer User Support Specialists,"1,090",15,"30,857",23,"48,015",18,"36,492",22,"45,871",28,"57,497",31,"65,353",2018,Bluegrass
11,Computer Network Support Specialists,370,17,"35,237",28,"57,494",23,"47,153",28,"57,911",32,"66,157",38,"79,137",2018,Bluegrass
12,"Computer Occupations, All Other",370,11,"21,999",36,"74,491",26,"53,492",38,"79,088",46,"95,854",54,"113,286",2018,Bluegrass
13,Operations Research Analysts,420,19,"40,036",27,"55,887",21,"44,159",24,"50,743",30,"62,544",40,"82,826",2018,Bluegrass
14,Statisticians,20,22,"46,133",32,"66,966",25,"53,004",31,"64,993",38,"79,889",45,"93,758",2018,Bluegrass
1,Computer Systems Analysts,420,24,"49,386",35,"73,727",28,"58,366",35,"71,992",42,"87,974",49,"101,876",2018,Northern Kentucky
2,Information Security Analysts,190,17,"35,217",47,"98,520",21,"43,724",40,"82,729",81,"169,057",93,"194,236",2018,Northern Kentucky
3,Computer Programmers,110,14,"29,710",29,"60,529",23,"47,540",29,"59,334",36,"75,666",45,"93,445",2018,Northern Kentucky
4,"Software Developers, Applications",380,20,"42,005",36,"75,022",27,"55,717",35,"73,789",46,"95,237",52,"108,320",2018,Northern Kentucky
5,"Software Developers, Systems Software",180,25,"52,423",39,"80,076",33,"67,755",37,"77,807",45,"94,275",55,"113,660",2018,Northern Kentucky
6,Web Developers,90,15,"32,140",28,"57,440",18,"38,010",25,"52,042",33,"67,825",51,"105,053",2018,Northern Kentucky
7,Database Administrators,70,17,"35,825",32,"65,666",22,"46,086",29,"59,697",42,"87,326",50,"104,099",2018,Northern Kentucky
8,Network and Computer Systems Administrators,430,20,"42,580",33,"68,654",25,"52,327",32,"66,067",39,"81,756",50,"102,993",2018,Northern Kentucky
9,Computer Network Architects,200,30,"62,788",43,"90,184",33,"69,224",37,"77,144",45,"92,866",69,"142,815",2018,Northern Kentucky
10,Computer User Support Specialists,940,14,"28,549",23,"48,420",16,"34,154",21,"44,364",29,"60,419",37,"76,405",2018,Northern Kentucky
11,Computer Network Support Specialists,150,16,"33,365",28,"59,032",18,"37,855",25,"52,864",37,"76,779",47,"98,090",2018,Northern Kentucky
12,"Computer Occupations, All Other",160,25,"52,783",37,"77,205",31,"64,696",38,"79,529",46,"96,424",50,"103,450",2018,Northern Kentucky
13,Operations Research Analysts,110,20,"40,968",33,"68,334",24,"49,801",31,"63,846",41,"85,402",50,"103,118",2018,Northern Kentucky
1,Computer Systems Analysts,70,22,"46,638",35,"71,937",27,"56,591",33,"68,361",41,"85,674",51,"105,213",2018,South Central
2,Information Security Analysts,20,17,"35,347",33,"69,227",20,"40,626",30,"62,416",44,"90,797",57,"117,752",2018,South Central
3,Computer Programmers,N/A,23,"47,839",32,"65,990",28,"57,281",32,"66,420",37,"76,439",40,"82,798",2018,South Central
4,"Software Developers, Applications",160,14,"28,734",30,"63,433",25,"51,974",32,"66,340",37,"76,445",41,"85,187",2018,South Central
5,"Software Developers, Systems Software",N/A,20,"42,517",34,"71,531",23,"46,828",33,"68,365",40,"83,887",60,"125,210",2018,South Central
6,Web Developers,N/A,15,"31,851",25,"52,586",19,"39,797",25,"52,067",31,"63,794",37,"76,744",2018,South Central
7,Database Administrators,20,19,"39,612",31,"64,008",22,"45,494",32,"65,601",40,"82,247",47,"97,114",2018,South Central
8,Network and Computer Systems Administrators,200,18,"37,002",30,"62,069",22,"46,706",29,"59,901",37,"76,391",45,"93,132",2018,South Central
9,Computer Network Architects,20,23,"47,863",34,"70,877",28,"58,680",35,"71,863",40,"82,556",46,"96,250",2018,South Central
10,Computer User Support Specialists,190,13,"26,145",20,"42,194",15,"31,356",19,"38,875",23,"48,554",30,"62,170",2018,South Central
11,Computer Network Support Specialists,60,14,"29,144",24,"50,323",18,"37,515",26,"54,122",30,"61,443",32,"66,461",2018,South Central
12,"Computer Occupations, All Other",20,14,"29,542",32,"66,319",21,"42,725",29,"61,220",42,"88,037",52,"108,954",2018,South Central
13,Operations Research Analysts,10,17,"34,403",28,"58,543",20,"41,991",24,"49,257",34,"71,453",49,"102,076",2018,South Central
1,Computer Systems Analysts,120,18,"37,790",30,"63,398",23,"46,828",28,"58,814",38,"78,012",48,"99,686",2018,West Kentucky
2,Information Security Analysts,30,21,"43,986",33,"68,358",25,"51,266",31,"65,359",39,"80,431",47,"97,041",2018,West Kentucky
3,Computer Programmers,50,15,"32,097",30,"61,566",21,"44,067",30,"62,144",38,"79,973",44,"92,454",2018,West Kentucky
4,"Software Developers, Applications",160,21,"43,635",34,"70,224",26,"53,250",33,"68,656",41,"84,641",48,"99,471",2018,West Kentucky
5,"Software Developers, Systems Software",100,25,"52,651",37,"77,243",29,"61,302",36,"74,424",44,"91,157",52,"107,557",2018,West Kentucky
6,Web Developers,30,14,"28,089",28,"58,637",17,"35,220",30,"62,712",37,"76,056",43,"90,188",2018,West Kentucky
7,Database Administrators,20,19,"40,344",27,"56,793",22,"45,184",26,"55,009",31,"65,204",38,"79,661",2018,West Kentucky
8,Network and Computer Systems Administrators,210,17,"35,251",27,"55,930",21,"43,672",27,"55,499",33,"68,037",38,"78,663",2018,West Kentucky
9,Computer Network Architects,50,17,"34,852",27,"56,243",21,"42,676",26,"54,798",31,"64,801",39,"80,747",2018,West Kentucky
10,Computer User Support Specialists,290,11,"21,830",19,"40,085",12,"24,825",16,"33,923",24,"49,233",35,"71,771",2018,West Kentucky
11,Computer Network Support Specialists,50,17,"34,637",28,"57,581",22,"45,309",28,"57,353",31,"64,536",41,"84,646",2018,West Kentucky
12,"Computer Occupations, All Other",140,14,"29,395",34,"71,356",31,"64,784",35,"73,285",40,"83,065",46,"95,275",2018,West Kentucky
13,Operations Research Analysts,30,26,"53,399",42,"86,505",28,"58,773",37,"77,747",56,"116,292",63,"131,074",2018,West Kentucky
1,Computer Systems Analysts,"1,680",23,"47,455",37,"76,004",28,"57,200",34,"71,210",44,"91,920",56,"116,156",2017,Kentuckiana Works
2,Information Security Analysts,200,21,"43,608",38,"80,027",26,"53,889",35,"72,208",52,"107,697",62,"128,241",2017,Kentuckiana Works
3,Computer Programmers,670,27,"55,118",38,"79,627",32,"67,298",38,"78,688",44,"92,420",49,"102,471",2017,Kentuckiana Works
4,"Software Developers, Applications","2,530",26,"53,831",40,"83,259",31,"65,514",39,"81,704",49,"101,679",58,"121,319",2017,Kentuckiana Works
5,"Software Developers, Systems Software",790,32,"67,257",44,"92,511",38,"78,406",44,"92,478",50,"104,139",59,"123,564",2017,Kentuckiana Works
6,Web Developers,330,17,"35,339",28,"58,796",20,"41,208",26,"53,871",34,"70,312",40,"82,377",2017,Kentuckiana Works
7,Database Administrators,520,19,"40,280",37,"77,364",25,"52,453",36,"74,950",47,"97,957",59,"121,757",2017,Kentuckiana Works
8,Network and Computer Systems Administrators,"1,080",20,"42,387",34,"71,104",25,"52,592",32,"66,064",40,"83,445",50,"103,430",2017,Kentuckiana Works
9,Computer Network Architects,630,23,"47,171",41,"84,523",28,"58,644",40,"83,832",52,"107,500",62,"128,190",2017,Kentuckiana Works
10,Computer User Support Specialists,"1,840",13,"27,149",22,"45,817",16,"34,261",20,"42,139",27,"56,694",33,"69,009",2017,Kentuckiana Works
11,Computer Network Support Specialists,480,20,"41,617",29,"59,296",23,"47,856",28,"57,468",33,"69,432",39,"80,623",2017,Kentuckiana Works
12,"Computer Occupations, All Other","1,010",22,"46,605",42,"87,472",30,"61,481",40,"82,689",55,"113,990",65,"135,457",2017,Kentuckiana Works
13,Operations Research Analysts,620,22,"46,204",36,"74,054",30,"62,064",35,"73,789",41,"84,344",50,"103,388",2017,Kentuckiana Works
14,Statisticians,60,21,"44,471",36,"74,393",29,"59,996",36,"75,175",45,"93,483",50,"103,371",2017,Kentuckiana Works
1,Computer Systems Analysts,"1,320",21,"44,369",36,"75,378",26,"54,415",33,"69,564",45,"93,019",58,"120,090",2017,Bluegrass
2,Information Security Analysts,70,25,"52,915",42,"87,624",32,"65,845",43,"89,187",48,"100,365",64,"133,337",2017,Bluegrass
3,Computer Programmers,270,14,"29,667",32,"66,670",18,"38,379",29,"60,657",39,"81,761",52,"107,266",2017,Bluegrass
4,"Software Developers, Applications","1,250",23,"48,050",37,"77,576",28,"58,706",36,"74,226",46,"95,032",55,"114,509",2017,Bluegrass
5,"Software Developers, Systems Software",470,26,"54,442",39,"81,979",32,"66,593",37,"77,843",47,"97,509",58,"119,847",2017,Bluegrass
6,Web Developers,340,17,"35,671",30,"62,293",22,"46,128",30,"61,434",39,"81,113",44,"92,525",2017,Bluegrass
7,Database Administrators,300,18,"36,539",33,"67,773",22,"45,404",29,"61,055",38,"78,123",49,"101,564",2017,Bluegrass
8,Network and Computer Systems Administrators,660,18,"36,751",28,"59,137",22,"45,355",28,"57,439",35,"72,250",42,"86,315",2017,Bluegrass
9,Computer Network Architects,400,21,"44,279",33,"69,481",25,"51,685",31,"63,658",41,"84,312",50,"104,041",2017,Bluegrass
10,Computer User Support Specialists,"1,020",11,"23,885",21,"44,583",16,"33,443",21,"43,182",26,"53,379",31,"63,730",2017,Bluegrass
11,Computer Network Support Specialists,340,17,"35,102",26,"55,054",21,"43,901",27,"55,336",31,"63,655",37,"76,007",2017,Bluegrass
12,"Computer Occupations, All Other",410,10,"20,945",33,"69,474",15,"31,099",35,"73,280",45,"93,481",55,"114,696",2017,Bluegrass
13,Operations Research Analysts,90,19,"40,107",31,"64,069",23,"47,277",28,"58,567",39,"81,019",47,"98,418",2017,Bluegrass
14,Statisticians,20,21,"44,562",30,"62,681",24,"50,680",30,"62,928",36,"74,510",39,"81,201",2017,Bluegrass
1,Computer Systems Analysts,380,24,"49,332",37,"77,175",29,"60,128",36,"75,169",45,"93,190",53,"109,390",2017,Northern Kentucky
2,Information Security Analysts,60,20,"41,337",37,"77,214",24,"49,704",38,"78,377",47,"97,189",53,"111,159",2017,Northern Kentucky
3,Computer Programmers,100,14,"29,118",29,"61,108",22,"45,099",29,"59,784",38,"77,990",46,"95,028",2017,Northern Kentucky
4,"Software Developers, Applications",290,23,"46,977",37,"77,037",28,"58,654",37,"75,974",46,"95,156",52,"107,511",2017,Northern Kentucky
5,"Software Developers, Systems Software",300,22,"45,034",41,"84,731",29,"59,388",39,"81,099",55,"114,890",61,"127,261",2017,Northern Kentucky
6,Web Developers,90,15,"31,995",26,"53,321",18,"38,183",24,"48,921",30,"62,193",38,"79,089",2017,Northern Kentucky
7,Database Administrators,100,20,"42,265",38,"78,549",28,"58,859",37,"77,693",47,"97,305",57,"117,549",2017,Northern Kentucky
8,Network and Computer Systems Administrators,440,21,"43,541",33,"69,621",26,"53,671",32,"65,566",40,"83,652",49,"101,241",2017,Northern Kentucky
9,Computer Network Architects,230,25,"51,692",42,"86,477",32,"66,609",38,"78,051",46,"96,623",61,"126,414",2017,Northern Kentucky
10,Computer User Support Specialists,880,13,"27,720",28,"58,963",16,"33,918",23,"48,080",33,"67,864",55,"115,172",2017,Northern Kentucky
11,Computer Network Support Specialists,170,16,"33,998",31,"63,779",18,"37,558",24,"50,706",44,"91,654",53,"109,510",2017,Northern Kentucky
12,"Computer Occupations, All Other",190,23,"48,409",37,"77,587",30,"62,000",38,"78,560",45,"94,610",51,"106,572",2017,Northern Kentucky
13,Operations Research Analysts,90,19,"40,308",36,"73,924",27,"56,017",35,"73,032",45,"92,649",52,"108,844",2017,Northern Kentucky
1,Computer Systems Analysts,100,24,"50,939",44,"92,305",30,"62,291",52,"107,416",58,"121,377",62,"129,753",2017,South Central
2,Information Security Analysts,20,17,"36,123",34,"70,763",22,"44,955",31,"65,493",44,"91,861",57,"117,896",2017,South Central
3,Computer Programmers,N/A,26,"54,828",33,"68,097",29,"59,373",33,"67,727",37,"76,729",39,"82,130",2017,South Central
4,"Software Developers, Applications",90,13,"26,607",28,"58,004",14,"29,383",27,"56,501",37,"75,935",45,"93,032",2017,South Central
5,"Software Developers, Systems Software",N/A,20,"41,699",34,"70,175",22,"45,848",32,"66,861",40,"82,232",59,"122,477",2017,South Central
6,Web Developers,N/A,15,"30,538",25,"52,227",19,"38,840",25,"52,588",31,"64,210",37,"76,189",2017,South Central
7,Database Administrators,20,18,"36,771",31,"65,242",23,"46,894",33,"69,028",40,"82,254",46,"95,827",2017,South Central
8,Network and Computer Systems Administrators,200,17,"35,807",29,"60,044",21,"44,498",28,"58,129",36,"74,629",43,"88,753",2017,South Central
9,Computer Network Architects,20,18,"37,493",31,"63,880",23,"47,048",32,"66,050",38,"78,851",44,"92,367",2017,South Central
10,Computer User Support Specialists,230,12,"25,260",19,"39,439",14,"30,008",18,"37,041",22,"46,064",27,"56,416",2017,South Central
11,Computer Network Support Specialists,60,15,"30,269",25,"51,199",19,"38,603",26,"54,966",30,"61,801",32,"66,669",2017,South Central
12,"Computer Occupations, All Other",30,12,"25,033",29,"60,229",15,"32,019",27,"55,219",41,"86,292",48,"99,809",2017,South Central
13,Operations Research Analysts,40,17,"34,409",33,"68,329",19,"38,669",29,"60,784",47,"97,064",54,"113,058",2017,South Central
1,Computer Systems Analysts,110,18,"36,551",36,"74,247",24,"48,962",36,"74,584",47,"98,197",57,"118,498",2017,West Kentucky
2,Information Security Analysts,20,21,"43,437",36,"74,859",24,"49,416",32,"66,009",46,"95,224",61,"126,159",2017,West Kentucky
3,Computer Programmers,50,16,"32,461",29,"60,974",22,"45,060",28,"58,978",36,"75,351",44,"91,681",2017,West Kentucky
4,"Software Developers, Applications",230,21,"43,287",33,"67,806",24,"49,354",32,"65,518",40,"82,276",47,"97,752",2017,West Kentucky
5,"Software Developers, Systems Software",100,23,"46,905",36,"75,181",28,"57,652",35,"72,619",44,"92,363",55,"115,156",2017,West Kentucky
6,Web Developers,40,13,"26,980",23,"46,944",14,"29,866",18,"38,330",29,"60,674",41,"86,149",2017,West Kentucky
7,Database Administrators,50,14,"28,198",20,"40,636",15,"31,650",18,"36,949",22,"45,619",29,"60,297",2017,West Kentucky
8,Network and Computer Systems Administrators,220,16,"33,014",27,"55,855",21,"42,813",25,"51,899",32,"65,598",39,"80,215",2017,West Kentucky
9,Computer Network Architects,100,18,"37,489",28,"58,254",22,"45,385",27,"56,696",33,"69,018",39,"80,889",2017,West Kentucky
10,Computer User Support Specialists,190,12,"24,411",18,"37,920",14,"28,675",17,"35,072",21,"43,260",28,"57,709",2017,West Kentucky
11,Computer Network Support Specialists,100,17,"36,035",29,"60,407",22,"45,252",28,"58,811",35,"72,792",40,"83,846",2017,West Kentucky
12,"Computer Occupations, All Other",70,27,"56,371",36,"75,756",31,"65,442",35,"73,250",40,"83,909",47,"97,330",2017,West Kentucky
13,Operations Research Analysts,N/A,27,"55,147",45,"94,423",30,"61,474",52,"108,193",58,"121,090",63,"131,997",2017,West Kentucky
1,Computer Systems Analysts,"1,390",22,"46,424",36,"74,787",27,"56,474",34,"71,068",44,"91,146",54,"112,160",2016,Kentuckiana Works
2,Information Security Analysts,150,22,"46,268",41,"85,040",28,"58,576",40,"82,785",54,"112,383",63,"130,568",2016,Kentuckiana Works
3,Computer Programmers,540,18,"37,463",35,"72,458",26,"55,050",35,"72,493",42,"87,316",50,"103,969",2016,Kentuckiana Works
4,"Software Developers, Applications","2,770",19,"39,355",37,"76,312",28,"58,195",36,"75,161",45,"94,521",54,"112,817",2016,Kentuckiana Works
5,"Software Developers, Systems Software",610,32,"66,467",44,"91,550",37,"77,288",44,"91,718",50,"103,392",59,"121,985",2016,Kentuckiana Works
6,Web Developers,370,16,"34,220",27,"55,371",20,"41,938",24,"49,306",31,"65,509",39,"81,108",2016,Kentuckiana Works
7,Database Administrators,540,20,"40,849",37,"76,576",25,"52,971",38,"78,656",46,"94,830",56,"116,305",2016,Kentuckiana Works
8,Network and Computer Systems Administrators,"1,260",21,"42,941",34,"71,450",26,"53,190",33,"68,300",42,"87,410",48,"99,761",2016,Kentuckiana Works
9,Computer Network Architects,520,23,"47,841",43,"90,039",30,"62,549",43,"90,275",56,"116,848",64,"134,045",2016,Kentuckiana Works
10,Computer User Support Specialists,"1,610",13,"27,194",22,"45,820",17,"35,282",21,"43,812",27,"55,418",31,"65,292",2016,Kentuckiana Works
11,Computer Network Support Specialists,480,15,"31,901",26,"53,667",20,"42,130",25,"51,546",31,"63,738",37,"76,298",2016,Kentuckiana Works
12,"Computer Occupations, All Other",970,24,"48,892",43,"90,201",31,"63,769",43,"88,670",56,"117,090",66,"136,447",2016,Kentuckiana Works
13,Operations Research Analysts,650,21,"44,691",35,"73,653",29,"60,697",35,"72,859",40,"82,785",49,"101,405",2016,Kentuckiana Works
14,Statisticians,60,24,"50,617",37,"77,112",32,"65,851",37,"76,679",45,"93,456",49,"101,977",2016,Kentuckiana Works
1,Computer Systems Analysts,"1,200",21,"44,469",36,"75,680",26,"54,427",33,"69,442",46,"94,794",58,"120,052",2016,Bluegrass
2,Information Security Analysts,70,25,"51,008",38,"79,542",28,"57,370",40,"83,928",48,"99,179",55,"114,002",2016,Bluegrass
3,Computer Programmers,290,15,"30,700",34,"69,921",23,"46,926",31,"65,428",39,"81,042",49,"102,344",2016,Bluegrass
4,"Software Developers, Applications","1,850",23,"46,796",35,"72,159",28,"57,688",34,"70,547",41,"85,576",49,"101,976",2016,Bluegrass
5,"Software Developers, Systems Software",690,27,"56,032",41,"84,382",32,"67,184",39,"80,498",49,"101,303",59,"121,759",2016,Bluegrass
6,Web Developers,290,16,"33,323",26,"54,467",21,"43,353",26,"53,248",33,"68,496",37,"77,857",2016,Bluegrass
7,Database Administrators,340,17,"35,547",34,"69,934",21,"42,825",29,"59,755",39,"81,344",53,"110,468",2016,Bluegrass
8,Network and Computer Systems Administrators,860,19,"38,467",29,"61,229",23,"47,116",29,"60,311",36,"74,215",42,"87,376",2016,Bluegrass
9,Computer Network Architects,420,22,"44,973",35,"73,004",25,"52,517",32,"66,786",43,"88,610",56,"115,577",2016,Bluegrass
10,Computer User Support Specialists,"1,120",11,"23,531",21,"43,738",16,"32,575",20,"41,878",25,"51,018",31,"64,944",2016,Bluegrass
11,Computer Network Support Specialists,380,20,"41,395",29,"59,988",25,"51,099",28,"59,053",33,"69,323",38,"80,046",2016,Bluegrass
12,"Computer Occupations, All Other",390,12,"24,173",33,"68,957",24,"49,863",35,"72,341",42,"86,937",49,"101,518",2016,Bluegrass
13,Operations Research Analysts,140,22,"45,530",37,"76,883",28,"57,345",35,"71,880",45,"93,821",55,"115,282",2016,Bluegrass
14,Statisticians,20,21,"44,299",33,"69,500",24,"50,504",32,"65,623",39,"80,200",49,"101,895",2016,Bluegrass
1,Computer Systems Analysts,430,24,"49,739",38,"79,949",30,"62,061",37,"77,542",48,"100,160",56,"116,672",2016,Northern Kentucky
2,Information Security Analysts,60,17,"36,057",34,"71,554",23,"47,582",35,"72,874",45,"93,445",50,"103,333",2016,Northern Kentucky
3,Computer Programmers,90,21,"43,888",36,"74,746",27,"56,905",38,"79,224",45,"93,608",49,"102,096",2016,Northern Kentucky
4,"Software Developers, Applications",350,24,"49,463",37,"76,758",30,"62,368",37,"76,843",44,"92,467",50,"102,963",2016,Northern Kentucky
5,"Software Developers, Systems Software",220,22,"44,853",42,"86,613",30,"61,935",43,"88,969",56,"115,429",61,"127,197",2016,Northern Kentucky
6,Web Developers,80,15,"31,574",23,"48,362",17,"36,352",22,"44,808",26,"54,646",36,"74,345",2016,Northern Kentucky
7,Database Administrators,180,25,"52,451",40,"83,058",28,"58,359",38,"79,641",53,"110,132",59,"122,017",2016,Northern Kentucky
8,Network and Computer Systems Administrators,540,22,"45,387",37,"77,096",28,"57,257",38,"78,115",46,"95,671",53,"110,593",2016,Northern Kentucky
9,Computer Network Architects,140,22,"44,890",37,"76,583",27,"56,054",38,"78,084",46,"95,439",51,"107,035",2016,Northern Kentucky
10,Computer User Support Specialists,830,14,"28,963",29,"59,794",17,"35,669",24,"49,255",32,"66,665",56,"116,744",2016,Northern Kentucky
11,Computer Network Support Specialists,210,16,"34,089",31,"64,740",19,"39,385",23,"48,647",44,"90,895",58,"121,406",2016,Northern Kentucky
12,"Computer Occupations, All Other",190,23,"47,389",38,"79,571",30,"62,088",39,"81,963",47,"97,043",54,"113,182",2016,Northern Kentucky
13,Operations Research Analysts,110,26,"54,295",38,"78,773",31,"64,583",37,"76,623",45,"93,532",54,"113,051",2016,Northern Kentucky
1,Computer Systems Analysts,110,N/A,N/A,N/A,N/A,N/A,N/A,N/A,N/A,N/A,N/A,N/A,N/A,,
2,Information Security Analysts,20,21,"43,416",37,"75,940",25,"52,650",34,"71,694",45,"94,372",59,"122,295",2016,South Central
3,Computer Programmers,30,23,"48,340",34,"69,817",28,"57,823",33,"69,437",38,"79,938",46,"95,452",2016,South Central
4,"Software Developers, Applications",70,15,"30,409",31,"64,409",22,"45,231",32,"65,843",38,"79,511",47,"96,975",2016,South Central
5,"Software Developers, Systems Software",N/A,21,"42,759",36,"74,056",23,"47,111",33,"69,417",51,"105,887",61,"127,331",2016,South Central
6,Web Developers,40,13,"27,603",24,"49,399",17,"34,725",22,"46,696",29,"60,197",36,"74,046",2016,South Central
7,Database Administrators,20,21,"43,638",35,"73,332",27,"56,212",36,"74,439",43,"90,408",50,"104,716",2016,South Central
8,Network and Computer Systems Administrators,170,19,"38,981",29,"60,697",22,"46,503",28,"58,905",36,"74,084",42,"86,950",2016,South Central
9,Computer Network Architects,30,19,"38,462",43,"89,332",27,"56,391",38,"78,543",65,"135,172",72,"149,050",2016,South Central
10,Computer User Support Specialists,200,12,"24,043",18,"36,917",14,"29,502",17,"36,118",21,"43,403",24,"50,606",2016,South Central
11,Computer Network Support Specialists,70,15,"30,933",26,"54,053",21,"43,473",28,"57,190",31,"64,162",35,"72,869",2016,South Central
12,"Computer Occupations, All Other",20,11,"21,851",29,"60,132",17,"34,884",28,"58,029",41,"85,304",47,"98,743",2016,South Central
13,Operations Research Analysts,N/A,16,"34,199",34,"70,473",18,"38,027",33,"68,340",48,"99,394",56,"115,991",2016,South Central
1,Computer Systems Analysts,130,23,"47,192",36,"75,884",30,"63,088",36,"74,594",44,"91,972",53,"110,745",2016,Western Kentucky
2,Information Security Analysts,20,21,"44,280",38,"78,486",24,"48,948",41,"85,513",47,"98,317",55,"113,446",2016,Western Kentucky
3,Computer Programmers,50,20,"41,269",29,"59,856",22,"45,396",26,"54,365",35,"72,345",42,"87,350",2016,Western Kentucky
4,"Software Developers, Applications",220,20,"41,951",31,"65,263",23,"48,499",30,"63,272",38,"78,344",45,"94,282",2016,Western Kentucky
5,"Software Developers, Systems Software",60,20,"41,689",35,"72,058",25,"51,726",33,"68,906",45,"93,375",56,"116,927",2016,Western Kentucky
6,Web Developers,40,13,"26,866",21,"44,299",14,"30,015",17,"36,366",24,"49,392",42,"87,148",2016,Western Kentucky
7,Database Administrators,60,14,"28,225",22,"45,013",15,"32,020",19,"39,882",26,"54,327",33,"69,046",2016,Western Kentucky
8,Network and Computer Systems Administrators,230,15,"30,360",25,"52,786",19,"39,009",24,"49,497",30,"61,824",37,"76,924",2016,Western Kentucky
9,Computer Network Architects,90,16,"34,306",26,"55,024",21,"42,676",26,"53,295",31,"64,307",38,"79,534",2016,Western Kentucky
10,Computer User Support Specialists,200,12,"24,398",18,"38,243",14,"28,639",17,"35,336",22,"45,154",29,"59,480",2016,Western Kentucky
11,Computer Network Support Specialists,80,18,"36,680",31,"63,550",23,"46,992",29,"60,812",38,"79,174",45,"93,372",2016,Western Kentucky
12,"Computer Occupations, All Other",60,30,"61,736",38,"78,110",33,"68,190",36,"74,442",44,"92,136",49,"100,995",2016,Western Kentucky
13,Operations Research Analysts,N/A,N/A,N/A,N/A,N/A,N/A,N/A,N/A,N/A,N/A,N/A,N/A,N/A,2016,Western Kentucky
1,Computer Systems Analysts,"1,300",21,"44,086",34,"71,066",25,"52,454",33,"67,855",42,"86,549",49,"102,595",2015,Kentuckiana Works
2,Information Security Analysts,130,24,"48,905",38,"78,103",28,"58,285",36,"75,132",46,"95,283",57,"118,788",2015,Kentuckiana Works
3,Computer Programmers,580,17,"35,381",32,"65,978",22,"46,161",31,"63,644",40,"82,673",47,"98,380",2015,Kentuckiana Works
4,"Software Developers, Applications","2,950",19,"38,665",37,"76,281",28,"58,746",37,"77,424",45,"93,944",53,"109,913",2015,Kentuckiana Works
5,"Software Developers, Systems Software",650,28,"58,687",42,"87,581",35,"71,936",43,"88,509",49,"101,626",57,"119,556",2015,Kentuckiana Works
6,Web Developers,330,11,"23,507",26,"55,034",20,"40,768",24,"49,466",32,"65,656",42,"88,354",2015,Kentuckiana Works
7,Database Administrators,530,20,"40,998",36,"75,068",25,"52,341",38,"78,065",44,"92,456",54,"111,932",2015,Kentuckiana Works
8,Network and Computer Systems Administrators,"1,170",20,"40,902",33,"68,472",24,"50,277",32,"66,379",40,"84,179",46,"95,969",2015,Kentuckiana Works
9,Computer Network Architects,640,23,"48,520",42,"87,758",30,"61,588",42,"86,303",54,"112,414",62,"129,855",2015,Kentuckiana Works
10,Computer User Support Specialists,"1,730",15,"31,381",23,"47,248",18,"36,607",22,"44,853",27,"55,700",33,"67,717",2015,Kentuckiana Works
11,Computer Network Support Specialists,700,15,"31,657",24,"49,983",18,"36,936",22,"46,792",29,"61,343",36,"74,256",2015,Kentuckiana Works
12,"Computer Occupations, All Other","1,150",19,"40,054",33,"69,606",23,"47,899",31,"64,220",43,"89,359",53,"110,522",2015,Kentuckiana Works
13,Operations Research Analysts,460,20,"41,201",34,"69,717",25,"52,146",30,"62,725",41,"86,137",49,"102,748",2015,Kentuckiana Works
14,Statisticians,70,24,"50,524",38,"78,470",32,"66,458",38,"78,029",44,"92,202",50,"103,855",2015,Kentuckiana Works
1,Computer Systems Analysts,970,20,"42,593",33,"68,033",25,"51,600",30,"62,410",37,"76,477",48,"100,266",2015,Bluegrass
2,Information Security Analysts,80,21,"43,945",35,"72,083",25,"51,582",32,"66,239",44,"91,531",50,"104,506",2015,Bluegrass
3,Computer Programmers,210,17,"36,263",30,"61,653",23,"46,838",30,"62,433",36,"74,935",43,"89,088",2015,Bluegrass
4,"Software Developers, Applications","1,380",22,"45,730",36,"73,994",28,"57,412",34,"71,330",43,"89,727",51,"106,817",2015,Bluegrass
5,"Software Developers, Systems Software",530,26,"54,169",38,"79,860",30,"63,159",37,"76,619",45,"94,354",55,"114,675",2015,Bluegrass
6,Web Developers,310,15,"31,504",27,"55,240",20,"41,946",25,"51,118",32,"66,230",37,"76,261",2015,Bluegrass
7,Database Administrators,360,16,"33,835",27,"57,080",20,"40,665",26,"54,170",34,"70,243",42,"86,394",2015,Bluegrass
8,Network and Computer Systems Administrators,700,18,"36,821",29,"59,409",22,"45,717",28,"58,607",35,"71,966",40,"84,136",2015,Bluegrass
9,Computer Network Architects,360,21,"42,748",34,"70,442",23,"48,540",31,"64,544",41,"85,741",53,"109,272",2015,Bluegrass
10,Computer User Support Specialists,"1,710",9,"19,408",17,"35,263",11,"22,484",15,"30,164",21,"44,445",28,"57,885",2015,Bluegrass
11,Computer Network Support Specialists,280,16,"34,100",27,"56,797",21,"44,121",27,"55,471",32,"66,344",40,"82,275",2015,Bluegrass
12,"Computer Occupations, All Other",370,11,"23,253",33,"67,894",24,"49,611",34,"71,122",41,"85,945",49,"101,475",2015,Bluegrass
13,Operations Research Analysts,130,24,"50,566",38,"78,582",29,"59,446",35,"73,043",45,"94,105",55,"114,486",2015,Bluegrass
14,Statisticians,10,26,"53,525",36,"75,131",28,"58,620",34,"70,794",39,"81,929",54,"111,601",2015,Bluegrass
1,Computer Systems Analysts,410,22,"45,637",37,"76,846",27,"56,826",35,"72,323",44,"92,320",54,"112,183",2015,Northern Kentucky
2,Information Security Analysts,NA,20,"42,150",29,"60,416",22,"44,842",24,"49,327",39,"80,098",45,"93,135",2015,Northern Kentucky
3,Computer Programmers,120,18,"37,016",34,"69,898",24,"50,907",34,"71,589",43,"88,981",47,"98,665",2015,Northern Kentucky
4,"Software Developers, Applications",290,23,"47,938",35,"73,550",28,"58,686",35,"72,803",43,"88,667",48,"99,648",2015,Northern Kentucky
5,"Software Developers, Systems Software",290,24,"49,768",40,"82,264",30,"62,995",39,"81,206",50,"103,870",58,"121,208",2015,Northern Kentucky
6,Web Developers,70,16,"33,554",24,"50,840",19,"39,484",22,"46,623",30,"61,366",36,"75,739",2015,Northern Kentucky
7,Database Administrators,NA,24,"49,917",38,"79,118",27,"56,256",36,"74,012",51,"106,281",57,"118,633",2015,Northern Kentucky
8,Network and Computer Systems Administrators,530,20,"40,795",36,"75,760",26,"53,333",38,"79,275",46,"95,439",54,"111,942",2015,Northern Kentucky
9,Computer Network Architects,160,19,"40,104",34,"70,515",24,"50,402",33,"68,574",43,"90,207",50,"102,989",2015,Northern Kentucky
10,Computer User Support Specialists,640,16,"32,820",29,"60,935",18,"38,093",24,"50,719",34,"70,614",55,"113,948",2015,Northern Kentucky
11,Computer Network Support Specialists,200,16,"32,877",30,"62,759",18,"37,536",23,"48,218",41,"85,449",58,"120,301",2015,Northern Kentucky
12,"Computer Occupations, All Other",220,15,"31,140",36,"74,124",27,"56,244",38,"78,816",46,"94,662",52,"108,021",2015,Northern Kentucky
13,Operations Research Analysts,80,28,"57,895",39,"80,237",32,"66,840",36,"75,894",44,"92,196",55,"113,884",2015,Northern Kentucky
1,Computer Systems Analysts,60,21,"44,628",40,"83,543",25,"52,273",31,"64,096",44,"91,910",61,"126,566",2015,South Central
2,Information Security Analysts,N/A,N/A,N/A,N/A,N/A,N/A,N/A,N/A,N/A,N/A,N/A,N/A,N/A,2015,South Central
3,Computer Programmers,40,18,"37,777",31,"64,201",22,"46,632",31,"63,879",38,"78,419",46,"94,988",2015,South Central
4,"Software Developers, Applications",110,13,"26,857",25,"52,386",14,"29,561",24,"50,317",34,"71,631",38,"78,748",2015,South Central
5,"Software Developers, Systems Software",NA,28,"59,019",37,"77,487",32,"66,595",35,"73,428",40,"82,684",53,"111,177",2015,South Central
6,Web Developers,40,12,"25,536",22,"45,532",15,"31,463",19,"40,422",26,"54,172",33,"68,795",2015,South Central
7,Database Administrators,NA,25,"51,881",39,"81,908",39,"80,809",42,"87,786",46,"94,822",48,"99,021",2015,South Central
8,Network and Computer Systems Administrators,120,18,"37,372",27,"56,973",21,"44,487",26,"55,048",33,"68,376",40,"82,411",2015,South Central
9,Computer Network Architects,30,17,"34,753",32,"66,960",20,"40,694",29,"59,408",38,"79,843",63,"131,030",2015,South Central
10,Computer User Support Specialists,200,12,"25,288",18,"37,649",15,"30,334",18,"36,815",21,"44,442",24,"50,373",2015,South Central
11,Computer Network Support Specialists,50,14,"28,881",22,"46,019",16,"33,979",21,"44,047",28,"58,266",31,"64,638",2015,South Central
12,"Computer Occupations, All Other",30,10,"21,814",31,"63,504",18,"37,400",33,"67,896",42,"86,958",51,"106,705",2015,South Central
13,Operations Research Analysts,80,17,"35,783",33,"68,584",22,"45,319",29,"60,980",44,"92,432",52,"109,016",2015,South Central
1,Computer Systems Analysts,150,25,"51,027",37,"76,119",30,"61,556",35,"72,301",44,"90,625",56,"116,836",2015,Western Kentucky
2,Information Security Analysts,20,21,"43,934",38,"79,678",24,"49,539",41,"85,094",46,"96,677",55,"114,394",2015,Western Kentucky
3,Computer Programmers,60,17,"34,608",25,"51,583",19,"38,575",22,"45,516",28,"57,989",38,"78,893",2015,Western Kentucky
4,"Software Developers, Applications",110,18,"38,268",29,"59,707",21,"44,280",26,"55,012",36,"74,215",43,"89,419",2015,Western Kentucky
5,"Software Developers, Systems Software",20,24,"50,067",39,"81,349",27,"56,293",35,"72,298",54,"112,204",61,"125,951",2015,Western Kentucky
6,Web Developers,50,13,"26,285",17,"35,233",13,"28,030",15,"30,938",18,"37,039",23,"47,496",2015,Western Kentucky
7,Database Administrators,60,13,"27,542",21,"43,623",15,"31,272",19,"39,611",25,"51,359",31,"64,145",2015,Western Kentucky
8,Network and Computer Systems Administrators,260,14,"29,560",25,"52,174",18,"37,176",23,"48,174",30,"61,545",38,"78,443",2015,Western Kentucky
9,Computer Network Architects,70,19,"40,130",27,"56,441",22,"44,902",25,"51,908",32,"67,262",38,"79,363",2015,Western Kentucky
10,Computer User Support Specialists,220,12,"24,311",18,"37,700",13,"27,937",16,"34,214",22,"46,492",28,"58,676",2015,Western Kentucky
11,Computer Network Support Specialists,100,16,"33,294",27,"56,782",19,"40,073",26,"54,453",33,"68,743",40,"82,187",2015,Western Kentucky
12,"Computer Occupations, All Other",60,26,"54,072",35,"73,472",30,"63,124",34,"71,353",41,"85,111",45,"92,782",2015,Western Kentucky
13,Operations Research Analysts,N/A,N/A,N/A,N/A,N/A,N/A,N/A,N/A,N/A,N/A,N/A,N/A,N/A,2015,Western Kentucky